Date,Total Videos
2024-07-09,1316
2024-11-19,1150
2024-06-28,939
2024-09-06,934
2024-07-15,912
2024-07-08,890
2024-07-14,883
2024-06-27,785
2024-06-29,777
2024-08-27,748
2024-11-29,745
2024-06-18,743
2024-08-24,736
2024-08-09,734
2024-09-02,685
2024-09-05,678
2024-10-25,629
2024-08-05,628
2024-09-04,627
2024-08-22,605
2024-10-24,601
2024-09-11,597
2024-09-09,586
2024-12-03,573
2024-08-26,573
2024-08-10,572
2024-09-13,569
2024-08-03,569
2024-08-25,568
2024-09-30,567
2024-09-16,567
2024-09-14,562
2024-07-04,549
2024-07-17,547
2024-11-16,544
2024-10-27,544
2024-10-03,537
2024-07-06,523
2024-09-20,502
2024-06-24,492
2024-07-16,490
2024-11-04,481
2024-10-22,472
2024-10-21,470
2024-10-31,469
2024-08-21,468
2024-08-07,463
2024-09-21,461
2024-08-18,461
2024-06-20,459
2024-08-14,452
2024-11-06,449
2024-08-16,445
2024-06-14,445
2024-08-17,438
2024-07-11,438
2024-06-25,417
2024-11-02,416
2024-06-16,410
2024-07-07,408
2024-10-26,400
2024-09-07,398
2024-08-30,396
2024-08-20,395
2024-11-18,393
2024-09-24,375
2024-07-20,375
2024-08-01,374
2024-10-04,357
2024-06-13,354
2024-11-24,351
2024-10-11,350
2024-10-08,347
2024-11-25,345
2024-06-19,343
2024-08-06,340
2024-11-22,333
2024-08-31,333
2024-06-08,332
2024-09-23,329
2024-09-22,329
2024-07-31,327
2024-06-23,325
2024-06-22,324
2024-07-24,314
2024-06-10,313
2024-11-05,303
2024-08-04,300
2024-09-08,293
2024-06-26,293
2024-07-30,286
2024-07-18,286
2024-06-21,286
2024-11-21,285
2024-12-01,283
2024-11-17,276
2024-09-01,268
2024-11-28,263
2024-08-19,261
2024-11-14,259
2024-10-07,255
2024-06-17,245
2024-07-01,243
2024-07-28,241
2024-11-09,240
2024-09-10,240
2024-06-15,237
2024-10-18,236
2024-07-21,233
2024-11-13,231
2024-09-03,229
2024-09-27,228
2024-06-09,227
2024-07-29,224
2024-11-01,214
2024-06-07,211
2024-08-08,210
2024-07-05,210
2024-08-12,206
2024-10-05,204
2024-07-22,203
2024-11-26,199
2024-06-30,199
2024-08-11,195
2024-09-18,193
2024-06-11,193
2024-11-08,189
2024-08-23,189
2024-12-02,188
2024-10-29,185
2024-07-10,181
2024-07-27,180
2024-10-16,178
2024-11-15,173
2024-07-02,167
2024-08-29,164
2024-10-01,163
2024-09-12,163
2024-10-15,162
2024-09-29,161
2024-08-15,154
2024-11-10,152
2024-07-25,152
2024-08-28,148
2024-09-25,142
2024-07-23,138
2024-09-15,128
2024-11-12,127
2024-10-17,127
2024-08-02,126
2024-07-13,123
2024-10-09,114
2024-09-28,108
2024-10-12,104
2024-11-27,102
2024-10-28,99
2024-10-14,98
2024-06-05,97
2024-10-20,96
2024-10-02,91
2024-10-06,90
2024-10-23,88
2024-07-26,88
2024-07-12,87
2024-10-13,86
2024-09-19,81
2024-11-07,80
2024-09-17,80
2024-09-26,78
2024-07-03,78
2024-10-30,76
2024-11-11,70
2024-08-13,70
2024-07-19,68
2024-11-20,65
2024-11-30,62
2024-10-19,56
2024-06-06,32
2024-10-10,27
2024-06-12,9
2024-11-23,1
2024-06-04,1
